"0","# Verificar la distribuci贸n de los niveles de la variable outcome original"
"0","print(table(data$outcome))"
"1","
"
"1"," X0 "
"1"," X1 "
"1"," X2 "
"1"," X3 "
"1"," X4 "
"1","
"
"1","411 "
"1","265 "
"1","109 "
"1","107 "
"1"," 28 "
"1","
"
"0","# Ajustar la l贸gica de conversi贸n si es necesario"
"0","data$outcome_binary <- ifelse(data$outcome == ""X0"", 0, 1)"
"0","data$outcome_binary <- as.factor(data$outcome_binary)"
"0",""
"0","# Verificar los niveles y la distribuci贸n de la nueva variable binaria"
"0","print(levels(data$outcome_binary))"
"1","[1]"
"1"," ""0"""
"1"," ""1"""
"1","
"
"0","print(table(data$outcome_binary))"
"1","
"
"1","  0 "
"1","  1 "
"1","
"
"1","411 "
"1","509 "
"1","
"
